{
	"version": "1.2.13",
	"id": "02ad1484-7dcc-4406-b751-b640118458e4",
	"type": "default",
	"name": "Status of the 'Require secure RPC communication' setting",
	"description": "Status of the 'Require secure RPC communication' setting",
	"entity": {
		"type": "machine",
		"name": "TestVirtualMachine",
		"entityAttributes": {
			"ipAddresses": [
				{
					"name": "Ip",
					"ipv4": "101.1.1.1"
				}
			],
			"type": "Windows Server 2019 Datacenter 64 bit Edition Version 1809 Build 17763",
			"tags": {
				"hostname": [
					"TestVirtualMachine"
				]
			}
		}
	},
	"securityContext": {
		"type": "ca",
		"status": {
			"complianceStatus": "fail",
			"workflowStatus": "new"
		},
		"evidence": {
			"observationText": "QID 4133"
		},
		"severity": {
			"type": "custom",
			"level": "medium"
		},
		"remediation": {
			"description": "N/A"
		}
	},
	"source": {
		"name": "TestVirtualMachine"
	},
	"firstSeen": "2022-11-28T07:45:24.000Z",
	"lastSeen": "2022-11-29T13:55:39.000Z",
	"confidence": 100,
	"createdAt": "2023-03-03T04:32:23.188Z",
	"tags": {
		"qid": [
			"4133"
		]
	}
}