{
	"version": "1.2.13",
	"id": "1c07de1b-b4e3-413c-9920-0bf1c7bfcf1b",
	"type": "default",
	"name": "Status of the 'User Account Control: Behavior of the elevation prompt for administrators in Admin Approval Mode' setting",
	"description": "Status of the 'User Account Control: Behavior of the elevation prompt for administrators in Admin Approval Mode' setting",
	"entity": {
		"type": "machine",
		"name": "TestVirtualMachine",
		"entityAttributes": {
			"ipAddresses": [
				{
					"name": "Ip",
					"ipv4": "101.1.1.1"
				}
			],
			"type": "Windows Server 2019 Datacenter 64 bit Edition Version 1809 Build 17763",
			"tags": {
				"hostname": [
					"TestVirtualMachine"
				]
			}
		}
	},
	"securityContext": {
		"type": "ca",
		"status": {
			"complianceStatus": "fail",
			"workflowStatus": "new"
		},
		"evidence": {
			"observationText": "QID 2587"
		},
		"severity": {
			"type": "custom",
			"level": "high"
		},
		"remediation": {
			"description": "N/A"
		}
	},
	"source": {
		"name": "A-unique-signal-submitter-name"
	},
	"firstSeen": "2022-11-28T07:45:24.000Z",
	"lastSeen": "2022-11-29T13:55:39.000Z",
	"confidence": 100,
	"createdAt": "2023-03-03T04:32:23.187Z",
	"tags": {
		"qid": [
			"2587"
		]
	}
}