{
	"version": "1.2.13",
	"id": "2b109fad-c76a-45b5-97f4-7e2ff275a86a",
	"type": "default",
	"name": "Current list of Groups and User Accounts granted the 'Impersonate a client after authentication' right",
	"description": "Current list of Groups and User Accounts granted the 'Impersonate a client after authentication' right",
	"entity": {
		"type": "machine",
		"name": "TestVirtualMachine",
		"entityAttributes": {
			"ipAddresses": [
				{
					"name": "Ip",
					"ipv4": "101.1.1.1"
				}
			],
			"type": "Windows Server 2019 Datacenter 64 bit Edition Version 1809 Build 17763",
			"tags": {
				"hostname": [
					"TestVirtualMachine"
				]
			}
		}
	},
	"securityContext": {
		"type": "ca",
		"status": {
			"complianceStatus": "pass",
			"workflowStatus": "resolved"
		},
		"evidence": {
			"observationText": "QID 2642"
		},
		"severity": {
			"type": "custom",
			"level": "high"
		},
		"remediation": {
			"description": "N/A"
		}
	},
	"source": {
		"name": "TestVirtualMachine"
	},
	"firstSeen": "2022-11-28T07:45:24.000Z",
	"lastSeen": "2022-11-29T13:55:39.000Z",
	"confidence": 100,
	"createdAt": "2023-03-03T04:32:23.187Z",
	"tags": {
		"qid": [
			"2642"
		]
	}
}